country,2016_Q3,2016_Q4,2016 Net Cumulative,2017_Q1,2017_Q2,2017_Q3,2017_Q4,2017 Net Cumulative,2018_Q1,2018_Q2,2018_Q3,2018_Q4,2018 Net Cumulative,2019_Q1,2019_Q2,2019_Q3,2019_Q4,2019 Net Cumulative ,2020_Q1,2020_Q2,2020_Q3,2020_Q4,2020 Net Cumulative,2021_Q1,2021_Q2,2021_Q3,2021_Q4,2021 Net Cumulative,2022_Q1,2022_Q2,2022_Q3,2022_Q4,2022 Net Cumulative,2023_Q1,2023_Q2,  2023_Q3  , 2023_Q4 ,2023 Net Cumulative,2024_Q1,2024_Q2,2024_Q3,2024_Q4,2024 Net Cumulative
Albania,  -   ,  -   ,  -   ,  -   ,  -   ,  -   ,  -   ,  -   ,  -   ,  -   ,  -   ,  -   ,  -   ,  -   ,  -   ,  -   ,  -   ,  -   ,  -   ,  -   ,  -   ,  -   ,  -   ,  -   ,  -   ,  -   ,  -   ,  -   ,  -   ,  -   ,  -   ,  -   ,  -   ,  -   ,  -   ,  -   ,  -   ,  -   ,0,0,0,0,  -   
Antigua and Barbuda,  -   ,  -   ,  -   ,  -   ,  -   ,  -   ,  -   ,  -   ,  -   ,  -   ,  -   ,  -   ,  -   ,  -   ,  -   ,  -   ,  -   ,  -   ,  -   ,  -   ,  -   ,  -   ,  -   ,  -   ,  -   ,  5 ,  5 ,  5 ,  5 ,  5 ,  5 ,  5 ,  -   ,  5 ,  5 ,  5 ,  5 ,  -   ,5,5,5,5,  -   
Argentina,  -   ,  -   ,  -   ,  -   ,  -   ,  -   ,  -   ,  -   ,  -   ,  -   ,  -   ,  -   ,  -   ,  -   ,  -   ,  -   ,  -   ,  -   ,  -   ,  -   ,  -   ,  -   ,  -   ,  -   ,  -   ,  -   ,  129 ,  129 ,  129 ,  129 ,  129 ,  129 ,  -   ,  620 ,  1921 ,  1921 ,  1921 ,  1792 ,1921,3927,3927,3927,  2006 
Armenia,  -   ,  -   ,  -   ,  -   ,  -   ,  -   ,  -   ,  -   ,  -   ,  -   ,  -   ,  -   ,  -   ,  -   ,  -   ,  -   ,  -   ,  -   ,  -   ,  -   ,  -   ,  -   ,  -   ,  -   ,  -   ,  -   ,  -   ,  -   ,  -   ,  -   ,  -   ,  -   ,  -   ,  -   ,  43 ,  43 ,  43 ,  43 ,43,77,77,77,  34 
Australia,  -   ,  318 ,  318 ,  318 ,  3084 ,  8225 ,  13496 ,  13178 ,  14373 ,  15295 ,  15295 ,  17429 ,  3933 ,  18209 ,  18530 ,  18530 ,  26520 ,  9091 ,  26520 ,  26520 ,  37707 ,  37707 ,  11187 ,  37707 ,  44798 ,  44798 ,  44798 ,  7091 ,  49355 ,  51898 ,  51898 ,  56994 ,  12196 ,  62632 ,  62632 ,  68251 ,  68251 ,  11257 ,68251,74597,80254,80254,  12003 
Austria,  -   ,  -   ,  -   ,  -   ,  -   ,  -   ,  -   ,  -   ,  -   ,  -   ,  -   ,  -   ,  -   ,  -   ,  -   ,  757 ,  757 ,  757 ,  757 ,  757 ,  757 ,  757 ,  -   ,  757 ,  757 ,  757 ,  757 ,  -   ,  757 ,  757 ,  757 ,  757 ,  -   ,  757 ,  757 ,  757 ,  757 ,  -   ,757,757,757,757,  -   
Azerbaijan,  -   ,  -   ,  -   ,  -   ,  -   ,  -   ,  -   ,  -   ,  -   ,  -   ,  -   ,  -   ,  -   ,  -   ,  -   ,  -   ,  -   ,  -   ,  -   ,  -   ,  -   ,  -   ,  -   ,  -   ,  -   ,  -   ,  -   ,  -   ,  -   ,  -   ,  -   ,  -   ,  -   ,  -   ,  19 ,  19 ,  19 ,  19 ,19,100,100,100,  81 
Bahamas,  -   ,  -   ,  -   ,  -   ,  -   ,  -   ,  -   ,  -   ,  -   ,  -   ,  -   ,  -   ,  -   ,  -   ,  23 ,  23 ,  23 ,  23 ,  23 ,  23 ,  85 ,  85 ,  62 ,  85 ,  85 ,  118 ,  118 ,  33 ,  118 ,  118 ,  118 ,  118 ,  -   ,  118 ,  138 ,  138 ,  138 ,  20 ,138,138,138,138,  -   
Bangladesh,  -   ,  -   ,  -   ,  -   ,  -   ,  -   ,  -   ,  -   ,  -   ,  -   ,  -   ,  -   ,  -   ,  -   ,  -   ,  -   ,  -   ,  -   ,  -   ,  -   ,  -   ,  -   ,  -   ,  -   ,  -   ,  -   ,  -   ,  -   ,  -   ,  -   ,  -   ,  -   ,  -   ,  -   ,  206 ,  206 ,  206 ,  206 ,206,206,206,206,  -   
Barbados,  -   ,  -   ,  -   ,  -   ,  -   ,  -   ,  -   ,  -   ,  -   ,  -   ,  -   ,  -   ,  -   ,  74 ,  94 ,  109 ,  130 ,  130 ,  130 ,  130 ,  151 ,  151 ,  21 ,  151 ,  161 ,  161 ,  161 ,  10 ,  190 ,  190 ,  190 ,  190 ,  29 ,  190 ,  466 ,  466 ,  466 ,  276 ,466,466,466,466,  -   
Belarus,  -   ,  -   ,  -   ,  -   ,  -   ,  -   ,  -   ,  -   ,  -   ,  -   ,  -   ,  -   ,  -   ,  -   ,  -   ,  -   ,  -   ,  -   ,  -   ,  -   ,  -   ,  -   ,  -   ,  -   ,  -   ,  123 ,  123 ,  123 ,  123 ,  123 ,  123 ,  123 ,  -   ,  123 ,  123 ,  123 ,  123 ,  -   ,123,236,236,236,  113 
Belgium,  -   ,  128 ,  128 ,  128 ,  200 ,  200 ,  200 ,  72 ,  1000 ,  1300 ,  1300 ,  1300 ,  1100 ,  1300 ,  1300 ,  1300 ,  1300 ,  -   ,  1300 ,  1300 ,  1300 ,  1300 ,  -   ,  2318 ,  2318 ,  2318 ,  2318 ,  1018 ,  2318 ,  2318 ,  2318 ,  2318 ,  -   ,  2318 ,  5277 ,  5277 ,  5277 ,  2959 ,5277,6934,6934,6934,  1657 
Belize,  -   ,  -   ,  -   ,  -   ,  -   ,  -   ,  -   ,  -   ,  -   ,  -   ,  -   ,  -   ,  -   ,  -   ,  -   ,  -   ,  -   ,  -   ,  -   ,  -   ,  -   ,  -   ,  -   ,  -   ,  -   ,  -   ,  -   ,  -   ,  -   ,  -   ,  -   ,  -   ,  -   ,  -   ,  7 ,  7 ,  7 ,  7 ,7,68,68,68,  61 
Benin,  -   ,  256 ,  256 ,  256 ,  256 ,  256 ,  256 ,  -   ,  256 ,  256 ,  256 ,  256 ,  -   ,  256 ,  256 ,  256 ,  256 ,  -   ,  256 ,  256 ,  256 ,  256 ,  -   ,  256 ,  256 ,  256 ,  256 ,  -   ,  256 ,  256 ,  256 ,  613 ,  357 ,  652 ,  1053 ,  1297 ,  1750 ,  1137 ,2087,2441,3087,3087,  1337 
Bosnia & Herzegovina,  -   ,  -   ,  -   ,  -   ,  -   ,  -   ,  -   ,  -   ,  -   ,  -   ,  -   ,  -   ,  -   ,  -   ,  -   ,  -   ,  -   ,  -   ,  -   ,  -   ,  -   ,  -   ,  -   ,  -   ,  -   ,  -   ,  -   ,  -   ,  -   ,  -   ,  -   ,  -   ,  -   ,  -   ,  -   ,  -   ,  -   ,  -   ,0,0,0,0,  -   
Botswana,  -   ,  -   ,  -   ,  -   ,  43 ,  43 ,  43 ,  43 ,  43 ,  43 ,  70 ,  70 ,  27 ,  397 ,  397 ,  1317 ,  1317 ,  1247 ,  1317 ,  1317 ,  2129 ,  2618 ,  1301 ,  3905 ,  5958 ,  8993 ,  11758 ,  9140 ,  13944 ,  16892 ,  20172 ,  21972 ,  10214 ,  25346 ,  29294 ,  33643 ,  36981 ,  15009 ,40303,44114,47422,47422,  10441 
Brazil,  -   ,  409 ,  409 ,  409 ,  409 ,  620 ,  620 ,  211 ,  1225 ,  1225 ,  4164 ,  4181 ,  3561 ,  7606 ,  11034 ,  14576 ,  20085 ,  15904 ,  20085 ,  20869 ,  28193 ,  32453 ,  12368 ,  36713 ,  41952 ,  44089 ,  47821 ,  15368 ,  57597 ,  64066 ,  77087 ,  89410 ,  41589 ,  105775 ,  118761 ,  137987 ,  155452 ,  66042 ,166563,193371,216370,238071,  82619 
Brunei,,,,,,,,,,,,,,,,,,,,,,,,,,,,,,,,,,,,,,,0,1,1,1,  1 
Bulgaria,  -   ,  -   ,  -   ,  -   ,  -   ,  -   ,  -   ,  -   ,  -   ,  -   ,  -   ,  -   ,  -   ,  -   ,  -   ,  -   ,  -   ,  -   ,  -   ,  -   ,  -   ,  -   ,  -   ,  -   ,  -   ,  -   ,  -   ,  -   ,  -   ,  -   ,  -   ,  -   ,  -   ,  -   ,  -   ,  -   ,  -   ,  -   ,0,0,0,0,  -   
Burkina Faso,  -   ,  -   ,  -   ,  -   ,  -   ,  -   ,  -   ,  -   ,  53 ,  53 ,  53 ,  82 ,  82 ,  100 ,  100 ,  100 ,  100 ,  18 ,  100 ,  100 ,  100 ,  100 ,  -   ,  100 ,  100 ,  100 ,  100 ,  -   ,  100 ,  100 ,  100 ,  491 ,  391 ,  550 ,  1090 ,  1422 ,  1887 ,  1396 ,2405,3276,4064,4064,  2177 
Burundi,  -   ,  -   ,  -   ,  -   ,  -   ,  -   ,  -   ,  -   ,  -   ,  -   ,  -   ,  -   ,  -   ,  -   ,  -   ,  -   ,  -   ,  -   ,  -   ,  -   ,  -   ,  -   ,  -   ,  17 ,  30 ,  121 ,  601 ,  601 ,  895 ,  1051 ,  1408 ,  1908 ,  1307 ,  2364 ,  3318 ,  4580 ,  6181 ,  4273 ,7091,8294,10508,10508,  4327 
Cambodia,  -   ,  -   ,  -   ,  -   ,  -   ,  -   ,  -   ,  -   ,  -   ,  -   ,  -   ,  -   ,  -   ,  -   ,  -   ,  -   ,  53 ,  53 ,  117 ,  205 ,  511 ,  511 ,  458 ,  511 ,  511 ,  2207 ,  2207 ,  1696 ,  2207 ,  2207 ,  2207 ,  2207 ,  -   ,  2207 ,  5010 ,  5010 ,  5010 ,  2803 ,5010,8985,8985,8985,  3975 
Cameroon,  -   ,  -   ,  -   ,  -   ,  -   ,  -   ,  -   ,  -   ,  -   ,  -   ,  -   ,  -   ,  -   ,  -   ,  -   ,  208 ,  208 ,  208 ,  208 ,  208 ,  433 ,  1373 ,  1165 ,  1911 ,  2456 ,  3124 ,  3770 ,  2397 ,  4416 ,  5449 ,  6700 ,  8298 ,  4528 ,  9483 ,  11032 ,  12488 ,  13787 ,  5489 ,15018,16482,17973,17973,  4186 
Canada,  167 ,  200 ,  200 ,  200 ,  200 ,  200 ,  200 ,  -   ,  200 ,  2251 ,  5000 ,  5000 ,  4800 ,  5000 ,  5000 ,  5000 ,  5000 ,  -   ,  5000 ,  5000 ,  5000 ,  9657 ,  4657 ,  9657 ,  9657 ,  9657 ,  9657 ,  -   ,  9657 ,  9657 ,  9657 ,  9657 ,  -   ,  9657 ,  9657 ,  9657 ,  9657 ,  -   ,9657,35000,35000,35000,  25343 
Chile,  -   ,  -   ,  -   ,  -   ,  -   ,  -   ,  -   ,  -   ,  -   ,  -   ,  -   ,  -   ,  -   ,  -   ,  -   ,  259 ,  259 ,  259 ,  259 ,  259 ,  546 ,  546 ,  287 ,  546 ,  546 ,  865 ,  865 ,  319 ,  865 ,  865 ,  865 ,  865 ,  -   ,  865 ,  1387 ,  1387 ,  1387 ,  522 ,1387,1893,1893,1893,  506 
China,  -   ,  -   ,  -   ,  -   ,  -   ,  -   ,  -   ,  -   ,  -   ,  -   ,  -   ,  -   ,  -   ,  -   ,  -   ,  -   ,  -   ,  -   ,  -   ,  -   ,  -   ,  -   ,  -   ,  -   ,  -   ,  -   ,  -   ,  -   ,  -   ,  -   ,  -   ,  -   ,  -   ,  -   ,  -   ,  -   ,  -   ,  -   ,0,0,0,0,  -   
Colombia,  -   ,  -   ,  -   ,  -   ,  -   ,  -   ,  -   ,  -   ,  -   ,  -   ,  -   ,  -   ,  -   ,  -   ,  -   ,  -   ,  -   ,  -   ,  -   ,  -   ,  -   ,  -   ,  -   ,  -   ,  -   ,  598 ,  598 ,  598 ,  598 ,  598 ,  598 ,  598 ,  -   ,  598 ,  1636 ,  1636 ,  1636 ,  1038 ,1936,6670,6670,6670,  5034 
Costa Rica,  -   ,  -   ,  -   ,  -   ,  -   ,  -   ,  -   ,  -   ,  -   ,  -   ,  -   ,  -   ,  -   ,  -   ,  -   ,  -   ,  -   ,  -   ,  -   ,  -   ,  -   ,  -   ,  -   ,  -   ,  -   ,  696 ,  696 ,  696 ,  696 ,  696 ,  696 ,  696 ,  -   ,  696 ,  696 ,  696 ,  696 ,  -   ,696,2562,2562,2562,  1866 
Cote d'Ivoire,  -   ,  -   ,  -   ,  -   ,  -   ,  204 ,  204 ,  204 ,  227 ,  227 ,  227 ,  254 ,  50 ,  304 ,  304 ,  304 ,  304 ,  50 ,  304 ,  304 ,  335 ,  683 ,  379 ,  745 ,  1056 ,  1756 ,  3058 ,  2375 ,  4293 ,  6943 ,  8726 ,  10138 ,  7080 ,  11443 ,  14918 ,  17971 ,  21238 ,  11100 ,25824,33109,38897,38897,  17659 
Croatia,  -   ,  -   ,  -   ,  -   ,  -   ,  -   ,  -   ,  -   ,  -   ,  -   ,  -   ,  -   ,  -   ,  -   ,  -   ,  70 ,  70 ,  70 ,  70 ,  70 ,  70 ,  70 ,  -   ,  70 ,  70 ,  70 ,  70 ,  -   ,  70 ,  70 ,  70 ,  70 ,  -   ,  70 ,  420 ,  420 ,  420 ,  350 ,420,550,550,550,  130 
Cuba,  -   ,  -   ,  -   ,  -   ,  -   ,  -   ,  -   ,  -   ,  -   ,  -   ,  -   ,  -   ,  -   ,  -   ,  28 ,  28 ,  28 ,  28 ,  28 ,  28 ,  28 ,  28 ,  -   ,  28 ,  28 ,  63 ,  63 ,  35 ,  63 ,  63 ,  63 ,  63 ,  -   ,  63 ,  317 ,  317 ,  317 ,  254 ,317,1541,1541,1541,  1224 
Cyprus,  -   ,  -   ,  -   ,  -   ,  -   ,  -   ,  -   ,  -   ,  -   ,  -   ,  -   ,  -   ,  -   ,  -   ,  -   ,  -   ,  -   ,  -   ,  -   ,  -   ,  -   ,  -   ,  -   ,  -   ,  -   ,  -   ,  -   ,  -   ,  -   ,  -   ,  -   ,  -   ,  -   ,  -   ,  -   ,  29 ,  29 ,  29 ,29,29,29,29,  -   
Czechia,  -   ,  -   ,  -   ,  -   ,  -   ,  -   ,  -   ,  -   ,  -   ,  -   ,  -   ,  -   ,  -   ,  -   ,  70 ,  70 ,  70 ,  70 ,  70 ,  70 ,  70 ,  70 ,  -   ,  70 ,  70 ,  70 ,  495 ,  425 ,  495 ,  495 ,  495 ,  495 ,  -   ,  495 ,  1172 ,  1172 ,  1172 ,  677 ,1172,1317,1317,1317,  145 
Denmark,  -   ,  -   ,  -   ,  -   ,  -   ,  -   ,  -   ,  -   ,  -   ,  -   ,  -   ,  -   ,  -   ,  14 ,  14 ,  14 ,  14 ,  14 ,  14 ,  14 ,  14 ,  14 ,  -   ,  14 ,  1200 ,  1350 ,  1350 ,  1336 ,  1350 ,  2350 ,  2350 ,  2350 ,  1000 ,  2350 ,  2350 ,  2350 ,  2350 ,  -   ,2350,2350,2350,2350,  -   
Djibouti,  -   ,  -   ,  -   ,  -   ,  -   ,  -   ,  -   ,  -   ,  -   ,  -   ,  -   ,  -   ,  -   ,  -   ,  -   ,  -   ,  -   ,  -   ,  -   ,  -   ,  -   ,  -   ,  -   ,  -   ,  -   ,  -   ,  -   ,  -   ,  -   ,  -   ,  -   ,  -   ,  -   ,  -   ,  4 ,  4 ,  4 ,  4 ,4,10,10,10,  6 
Dominica,  -   ,  -   ,  -   ,  -   ,  -   ,  -   ,  -   ,  -   ,  -   ,  -   ,  -   ,  -   ,  -   ,  -   ,  -   ,  -   ,  -   ,  -   ,  -   ,  -   ,  -   ,  -   ,  -   ,  -   ,  -   ,  -   ,  -   ,  -   ,  -   ,  -   ,  -   ,  -   ,  -   ,  -   ,  2 ,  2 ,  2 ,  2 ,2,2,2,2,  -   
Dominican Republic,  -   ,  -   ,  -   ,  -   ,  -   ,  -   ,  -   ,  -   ,  25 ,  84 ,  137 ,  137 ,  137 ,  213 ,  213 ,  546 ,  546 ,  409 ,  546 ,  546 ,  933 ,  1256 ,  710 ,  1405 ,  1591 ,  1851 ,  2381 ,  1125 ,  2475 ,  2542 ,  2779 ,  3120 ,  739 ,  3400 ,  3697 ,  3952 ,  4167 ,  1047 ,4389,4635,4746,4746,  579 
DR Congo,  -   ,  -   ,  -   ,  -   ,  -   ,  -   ,  -   ,  -   ,  -   ,  356 ,  356 ,  356 ,  356 ,  356 ,  356 ,  356 ,  356 ,  -   ,  356 ,  356 ,  1002 ,  1739 ,  1383 ,  2443 ,  3219 ,  4969 ,  9513 ,  7774 ,  12905 ,  16718 ,  20948 ,  26505 ,  16992 ,  30717 ,  34250 ,  40769 ,  47495 ,  20990 ,53615,61782,68488,68488,  20993 
Ecuador,  -   ,  -   ,  -   ,  -   ,  -   ,  -   ,  -   ,  -   ,  -   ,  -   ,  -   ,  -   ,  -   ,  -   ,  -   ,  -   ,  -   ,  -   ,  -   ,  71 ,  277 ,  277 ,  277 ,  277 ,  277 ,  370 ,  370 ,  93 ,  370 ,  370 ,  370 ,  370 ,  -   ,  370 ,  370 ,  370 ,  370 ,  -   ,370,1661,1661,1661,  1291 
El Salvador,  -   ,  -   ,  -   ,  -   ,  -   ,  -   ,  -   ,  -   ,  -   ,  -   ,  -   ,  -   ,  -   ,  -   ,  -   ,  -   ,  -   ,  -   ,  -   ,  -   ,  -   ,  -   ,  -   ,  -   ,  -   ,  -   ,  -   ,  -   ,  -   ,  -   ,  -   ,  7 ,  7 ,  238 ,  993 ,  1912 ,  2905 ,  2898 ,3682,4346,5266,5266,  2361 
England,  -   ,  -   ,  -   ,  -   ,  -   ,  -   ,  -   ,  -   ,  5000 ,  5000 ,  6500 ,  10000 ,  10000 ,  10000 ,  11500 ,  13600 ,  13600 ,  3600 ,  13600 ,  13600 ,  13600 ,  13600 ,  -   ,  13600 ,  13600 ,  13600 ,  13600 ,  -   ,  13600 ,  13600 ,  13600 ,  24859 ,  11259 ,  61092 ,  61092 ,  61092 ,  86324 ,  61465 ,86324,86324,96562,96562,  10238 
Eritrea,  -   ,  -   ,  -   ,  -   ,  -   ,  -   ,  -   ,  -   ,  -   ,  -   ,  -   ,  -   ,  -   ,  -   ,  -   ,  -   ,  -   ,  -   ,  -   ,  -   ,  -   ,  -   ,  -   ,  -   ,  -   ,  29 ,  29 ,  29 ,  29 ,  29 ,  29 ,  29 ,  -   ,  29 ,  29 ,  29 ,  29 ,  -   ,29,29,29,29,  -   
Estonia,  -   ,  -   ,  -   ,  -   ,  -   ,  -   ,  -   ,  -   ,  -   ,  -   ,  -   ,  -   ,  -   ,  -   ,  -   ,  -   ,  -   ,  -   ,  -   ,  -   ,  -   ,  -   ,  -   ,  -   ,  -   ,  -   ,  -   ,  -   ,  -   ,  -   ,  -   ,  -   ,  -   ,  -   ,  -   ,  -   ,  -   ,  -   ,0,0,0,0,  -   
Eswatini,  -   ,  -   ,  -   ,  -   ,  -   ,  -   ,  -   ,  -   ,  490 ,  680 ,  680 ,  1353 ,  1353 ,  1541 ,  1990 ,  1990 ,  1990 ,  637 ,  4039 ,  4703 ,  8399 ,  13081 ,  11091 ,  16352 ,  19667 ,  23416 ,  28737 ,  15656 ,  34076 ,  45536 ,  49745 ,  57340 ,  28603 ,  62114 ,  71765 ,  80346 ,  84217 ,  26877 ,90853,98121,103626,103920,  19703 
Ethiopia,  2 ,  2 ,  2 ,  2 ,  2 ,  2 ,  2 ,  -   ,  124 ,  124 ,  124 ,  124 ,  122 ,  258 ,  258 ,  438 ,  438 ,  314 ,  438 ,  438 ,  1059 ,  2884 ,  2446 ,  5500 ,  9636 ,  12758 ,  16663 ,  13779 ,  19292 ,  23681 ,  28350 ,  31804 ,  15141 ,  34579 ,  39694 ,  44705 ,  49322 ,  17518 ,55342,61506,66951,66951,  17629 
Finland,  -   ,  -   ,  -   ,  -   ,  -   ,  -   ,  -   ,  -   ,  -   ,  -   ,  -   ,  -   ,  -   ,  150 ,  150 ,  150 ,  150 ,  150 ,  150 ,  150 ,  150 ,  150 ,  -   ,  150 ,  150 ,  150 ,  850 ,  700 ,  850 ,  1000 ,  1000 ,  1000 ,  150 ,  1500 ,  2000 ,  2000 ,  2000 ,  1000 ,2000,2000,2000,2000,  -   
France,  1243 ,  1243 ,  1243 ,  1243 ,  1243 ,  1243 ,  1243 ,  -   ,  6429 ,  6429 ,  6429 ,  12033 ,  10790 ,  12988 ,  13462 ,  13462 ,  23535 ,  11502 ,  23535 ,  23535 ,  23535 ,  23535 ,  -   ,  23535 ,  42159 ,  42159 ,  42159 ,  18624 ,  42159 ,  42159 ,  46706 ,  46706 ,  4547 ,  46706 ,  64821 ,  64821 ,  84997 ,  38291 ,84997,84997,84997,84997,  -   
French Guiana,  -   ,  -   ,  -   ,  -   ,  -   ,  -   ,  -   ,  -   ,  -   ,  -   ,  -   ,  -   ,  -   ,  -   ,  -   ,  -   ,  -   ,  -   ,  -   ,  -   ,  -   ,  -   ,  -   ,  -   ,  -   ,  -   ,  -   ,  -   ,  -   ,  -   ,  -   ,  -   ,  -   ,  -   ,  -   ,  -   ,  -   ,  -   ,0,0,0,0,  -   
Gambia,  -   ,  -   ,  -   ,  -   ,  -   ,  -   ,  -   ,  -   ,  -   ,  -   ,  -   ,  -   ,  -   ,  -   ,  -   ,  -   ,  -   ,  -   ,  -   ,  -   ,  15 ,  15 ,  15 ,  15 ,  15 ,  15 ,  15 ,  -   ,  15 ,  15 ,  15 ,  15 ,  -   ,  15 ,  15 ,  15 ,  15 ,  -   ,15,15,15,15,  -   
Georgia,  -   ,  -   ,  -   ,  -   ,  -   ,  -   ,  -   ,  -   ,  15 ,  15 ,  15 ,  15 ,  15 ,  45 ,  121 ,  121 ,  300 ,  285 ,  300 ,  300 ,  300 ,  300 ,  -   ,  300 ,  300 ,  300 ,  300 ,  -   ,  300 ,  990 ,  1045 ,  1212 ,  912 ,  1375 ,  1375 ,  1375 ,  1375 ,  163 ,1375,1674,1858,1858,  483 
Germany,  -   ,  -   ,  -   ,  -   ,  -   ,  -   ,  -   ,  -   ,  2500 ,  2500 ,  2500 ,  4500 ,  4500 ,  4500 ,  4500 ,  8000 ,  8000 ,  3500 ,  8000 ,  8000 ,  8000 ,  8000 ,  -   ,  8000 ,  8000 ,  8000 ,  8000 ,  -   ,  8000 ,  8000 ,  8000 ,  8000 ,  -   ,  8000 ,  30000 ,  30000 ,  32000 ,  24000 ,32000,40000,40000,40000,  8000 
Ghana,  -   ,  -   ,  -   ,  -   ,  -   ,  -   ,  -   ,  -   ,  -   ,  -   ,  -   ,  -   ,  -   ,  -   ,  -   ,  -   ,  -   ,  -   ,  -   ,  -   ,  -   ,  -   ,  -   ,  476 ,  1325 ,  2779 ,  2779 ,  2779 ,  3827 ,  3855 ,  5810 ,  6904 ,  4125 ,  8944 ,  10767 ,  12351 ,  13565 ,  6661 ,14833,15171,15574,15574,  2009 
Greece,  -   ,  -   ,  -   ,  -   ,  -   ,  -   ,  -   ,  -   ,  52 ,  52 ,  52 ,  100 ,  100 ,  100 ,  100 ,  100 ,  100 ,  -   ,  100 ,  100 ,  100 ,  100 ,  -   ,  100 ,  100 ,  100 ,  100 ,  -   ,  100 ,  100 ,  100 ,  100 ,  -   ,  100 ,  100 ,  100 ,  100 ,  -   ,100,100,100,100,  -   
Grenada,  -   ,  -   ,  -   ,  -   ,  -   ,  -   ,  -   ,  -   ,  -   ,  -   ,  -   ,  -   ,  -   ,  -   ,  -   ,  -   ,  -   ,  -   ,  -   ,  -   ,  -   ,  -   ,  -   ,  -   ,  -   ,  -   ,  -   ,  -   ,  -   ,  -   ,  -   ,  -   ,  -   ,  -   ,  3 ,  3 ,  3 ,  3 ,3,3,3,3,  -   
Guatemala,  -   ,  -   ,  -   ,  -   ,  -   ,  -   ,  -   ,  -   ,  -   ,  -   ,  -   ,  -   ,  -   ,  -   ,  -   ,  -   ,  -   ,  -   ,  -   ,  -   ,  -   ,  -   ,  -   ,  -   ,  82 ,  258 ,  497 ,  497 ,  839 ,  839 ,  1842 ,  2522 ,  2025 ,  3872 ,  15612 ,  15612 ,  15612 ,  13090 ,15612,15612,15612,15612,  -   
Guyana,  -   ,  -   ,  -   ,  -   ,  -   ,  -   ,  -   ,  -   ,  -   ,  -   ,  -   ,  -   ,  -   ,  -   ,  -   ,  -   ,  -   ,  -   ,  -   ,  -   ,  -   ,  -   ,  -   ,  -   ,  -   ,  14 ,  14 ,  14 ,  14 ,  14 ,  14 ,  14 ,  -   ,  14 ,  67 ,  67 ,  67 ,  53 ,67,692,692,692,  625 
Haiti,  -   ,  -   ,  -   ,  -   ,  -   ,  -   ,  -   ,  -   ,  94 ,  94 ,  94 ,  94 ,  94 ,  97 ,  97 ,  205 ,  205 ,  111 ,  205 ,  205 ,  603 ,  2964 ,  2759 ,  4268 ,  6188 ,  8539 ,  10747 ,  7783 ,  11725 ,  13945 ,  16869 ,  20763 ,  10016 ,  25147 ,  27689 ,  30461 ,  34155 ,  13392 ,38445,41774,47342,47342,  13187 
Honduras,  -   ,  -   ,  -   ,  -   ,  -   ,  -   ,  -   ,  -   ,  -   ,  -   ,  -   ,  -   ,  -   ,  -   ,  -   ,  -   ,  -   ,  -   ,  -   ,  -   ,  -   ,  -   ,  -   ,  -   ,  -   ,  -   ,  -   ,  -   ,  -   ,  -   ,  -   ,  -   ,  -   ,  129 ,  682 ,  1481 ,  2461 ,  2461 ,2860,3401,3812,3812,  1351 
Hungary,  -   ,  -   ,  -   ,  -   ,  -   ,  -   ,  -   ,  -   ,  -   ,  -   ,  -   ,  -   ,  -   ,  -   ,  -   ,  -   ,  -   ,  -   ,  -   ,  -   ,  -   ,  -   ,  -   ,  -   ,  -   ,  -   ,  -   ,  -   ,  -   ,  -   ,  -   ,  -   ,  -   ,  -   ,  -   ,  -   ,  -   ,  -   ,0,0,0,0,  -   
Iceland,  -   ,  -   ,  -   ,  -   ,  -   ,  -   ,  -   ,  -   ,  -   ,  -   ,  -   ,  -   ,  -   ,  -   ,  -   ,  121 ,  121 ,  121 ,  121 ,  121 ,  121 ,  121 ,  -   ,  121 ,  121 ,  121 ,  121 ,  -   ,  121 ,  121 ,  121 ,  121 ,  -   ,  121 ,  210 ,  210 ,  210 ,  89 ,210,328,328,328,  118 
India,  -   ,  -   ,  -   ,  -   ,  -   ,  -   ,  -   ,  -   ,  678 ,  1078 ,  1078 ,  1325 ,  1325 ,  1325 ,  1325 ,  1325 ,  1325 ,  -   ,  1325 ,  1325 ,  1325 ,  1336 ,  11 ,  1336 ,  1637 ,  1639 ,  1651 ,  315 ,  1651 ,  1989 ,  2104 ,  2248 ,  597 ,  2613 ,  3118 ,  3462 ,  3851 ,  1603 ,4255,4665,7167,7467,  3616 
Indonesia,  -   ,  -   ,  -   ,  -   ,  -   ,  -   ,  -   ,  -   ,  -   ,  -   ,  -   ,  -   ,  -   ,  -   ,  -   ,  -   ,  -   ,  -   ,  -   ,  -   ,  -   ,  -   ,  -   ,  -   ,  -   ,  -   ,  -   ,  -   ,  -   ,  -   ,  -   ,  -   ,  -   ,  -   ,  3178 ,  3178 ,  3178 ,  3178 ,3178,6745,6745,6745,  3567 
Iran,  -   ,  -   ,  -   ,  -   ,  -   ,  -   ,  -   ,  -   ,  -   ,  -   ,  -   ,  -   ,  -   ,  -   ,  -   ,  -   ,  -   ,  -   ,  -   ,  -   ,  -   ,  -   ,  -   ,  -   ,  -   ,  193 ,  193 ,  193 ,  193 ,  193 ,  193 ,  193 ,  -   ,  193 ,  193 ,  193 ,  193 ,  -   ,193,268,268,268,  75 
Ireland,  -   ,  -   ,  -   ,  -   ,  -   ,  -   ,  -   ,  -   ,  -   ,  -   ,  -   ,  -   ,  -   ,  -   ,  -   ,  -   ,  -   ,  -   ,  -   ,  -   ,  -   ,  -   ,  -   ,  -   ,  -   ,  -   ,  -   ,  -   ,  -   ,  -   ,  -   ,  8418 ,  8418 ,  8418 ,  8418 ,  8418 ,  8418 ,  -   ,8418,8418,8418,8418,  -   
Israel,  -   ,  -   ,  -   ,  -   ,  -   ,  -   ,  -   ,  -   ,  -   ,  -   ,  -   ,  -   ,  -   ,  -   ,  -   ,  -   ,  -   ,  -   ,  -   ,  -   ,  -   ,  -   ,  -   ,  -   ,  -   ,  -   ,  -   ,  -   ,  -   ,  -   ,  -   ,  -   ,  -   ,  -   ,  -   ,  -   ,  -   ,  -   ,0,0,0,0,  -   
Italy,  -   ,  -   ,  -   ,  -   ,  -   ,  -   ,  -   ,  -   ,  -   ,  -   ,  -   ,  -   ,  -   ,  532 ,  532 ,  532 ,  532 ,  532 ,  532 ,  532 ,  532 ,  532 ,  -   ,  532 ,  532 ,  532 ,  532 ,  -   ,  532 ,  532 ,  3641 ,  5112 ,  4580 ,  5112 ,  7915 ,  7915 ,  7915 ,  2803 ,9055,11665,11675,11675,  3760 
Jamaica,  -   ,  -   ,  -   ,  -   ,  -   ,  -   ,  -   ,  -   ,  -   ,  -   ,  -   ,  -   ,  -   ,  -   ,  -   ,  -   ,  -   ,  -   ,  -   ,  -   ,  -   ,  50 ,  50 ,  50 ,  50 ,  50 ,  50 ,  -   ,  50 ,  50 ,  50 ,  50 ,  -   ,  91 ,  147 ,  211 ,  296 ,  246 ,356,437,515,515,  219 
Japan,  -   ,  -   ,  -   ,  -   ,  -   ,  -   ,  -   ,  -   ,  -   ,  120 ,  -   ,  120 ,  120 ,  120 ,  120 ,  120 ,  120 ,  -   ,  120 ,  120 ,  120 ,  120 ,  -   ,  120 ,  120 ,  120 ,  120 ,  -   ,  120 ,  120 ,  120 ,  120 ,  -   ,  120 ,  120 ,  120 ,  120 ,  -   ,120,120,120,120,  -   
Kazakistan,  -   ,  -   ,  -   ,  -   ,  -   ,  -   ,  -   ,  -   ,  -   ,  -   ,  -   ,  -   ,  -   ,  -   ,  -   ,  -   ,  -   ,  -   ,  -   ,  -   ,  -   ,  -   ,  -   ,  -   ,  -   ,  -   ,  -   ,  -   ,  -   ,  -   ,  -   ,  -   ,  -   ,  -   ,  913 ,  913 ,  913 ,  913 ,913,7822,7822,7822,  6909 
Kenya,  -   ,  -   ,  -   ,  -   ,  -   ,  -   ,  -   ,  -   ,  25400 ,  41259 ,  41259 ,  45600 ,  45600 ,  47707 ,  49814 ,  51921 ,  54027 ,  8427 ,  57863 ,  63000 ,  72027 ,  82886 ,  28859 ,  93621 ,  111242 ,  127904 ,  127904 ,  45018 ,  157571 ,  256321 ,  284617 ,  298455 ,  170551 ,  321622 ,  358310 ,  401012 ,  438003 ,  139548 ,481376,535986,544524,544524,  106521 
Kyrgyzstan,  -   ,  -   ,  -   ,  -   ,  -   ,  -   ,  -   ,  -   ,  -   ,  -   ,  -   ,  -   ,  -   ,  -   ,  -   ,  -   ,  -   ,  -   ,  -   ,  -   ,  -   ,  7 ,  7 ,  15 ,  32 ,  48 ,  48 ,  41 ,  99 ,  139 ,  204 ,  271 ,  223 ,  337 ,  447 ,  537 ,  641 ,  370 ,0,871,0,0,  (641)
Kuwait,,,,,,,,,,,,,,,,,,,,,,,,,,,,,,,,,,,,,,,0,0,1010,1010,  1010 
Lao PDR,  -   ,  -   ,  -   ,  -   ,  -   ,  -   ,  -   ,  -   ,  -   ,  -   ,  -   ,  -   ,  -   ,  -   ,  -   ,  -   ,  -   ,  -   ,  -   ,  -   ,  -   ,  -   ,  -   ,  -   ,  55 ,  95 ,  156 ,  156 ,  259 ,  259 ,  530 ,  615 ,  459 ,  714 ,  839 ,  1099 ,  1326 ,  711 ,1446,1562,1740,1740,  414 
Latvia,  -   ,  -   ,  -   ,  -   ,  -   ,  -   ,  -   ,  -   ,  -   ,  -   ,  -   ,  -   ,  -   ,  -   ,  -   ,  -   ,  -   ,  -   ,  -   ,  -   ,  -   ,  -   ,  -   ,  -   ,  -   ,  -   ,  -   ,  -   ,  -   ,  -   ,  -   ,  -   ,  -   ,  -   ,  -   ,  -   ,  -   ,  -   ,0,0,0,0,  -   
Lebanon,  -   ,  -   ,  -   ,  -   ,  -   ,  -   ,  -   ,  -   ,  -   ,  -   ,  -   ,  -   ,  -   ,  -   ,  -   ,  -   ,  -   ,  -   ,  -   ,  360 ,  360 ,  360 ,  360 ,  360 ,  360 ,  360 ,  360 ,  -   ,  360 ,  360 ,  360 ,  360 ,  -   ,  360 ,  360 ,  360 ,  360 ,  -   ,360,517,517,517,  157 
Lesotho,  -   ,  -   ,  -   ,  -   ,  -   ,  -   ,  -   ,  -   ,  2323 ,  4681 ,  4681 ,  8924 ,  8924 ,  15679 ,  15679 ,  21067 ,  21067 ,  12143 ,  21067 ,  21067 ,  28462 ,  32217 ,  11150 ,  35861 ,  40681 ,  46115 ,  54912 ,  22695 ,  63193 ,  79766 ,  83376 ,  82147 ,  27235 ,  91381 ,  103045 ,  112828 ,  121112 ,  38965 ,130538,141555,143335,143335,  22223 
Liechtenstein,  -   ,  -   ,  -   ,  -   ,  -   ,  -   ,  -   ,  -   ,  -   ,  -   ,  -   ,  -   ,  -   ,  -   ,  -   ,  -   ,  -   ,  -   ,  -   ,  -   ,  -   ,  -   ,  -   ,  -   ,  -   ,  -   ,  -   ,  -   ,  -   ,  -   ,  -   ,  -   ,  -   ,  -   ,  -   ,  -   ,  -   ,  -   ,0,0,17709,17709,  17709 
Liberia,  -   ,  -   ,  -   ,  -   ,  -   ,  -   ,  -   ,  -   ,  -   ,  -   ,  -   ,  -   ,  -   ,  -   ,  -   ,  -   ,  -   ,  -   ,  -   ,  -   ,  -   ,  -   ,  -   ,  -   ,  -   ,  -   ,  -   ,  -   ,  -   ,  -   ,  784 ,  1655 ,  1655 ,  2521 ,  5597 ,  7556 ,  9556 ,  7901 ,10087,12516,0,0,  (9556)
Lithuania,  -   ,  -   ,  -   ,  -   ,  -   ,  -   ,  -   ,  -   ,  -   ,  -   ,  -   ,  -   ,  -   ,  -   ,  -   ,  -   ,  -   ,  -   ,  -   ,  -   ,  -   ,  -   ,  -   ,  -   ,  -   ,  -   ,  -   ,  -   ,  -   ,  -   ,  -   ,  -   ,  -   ,  -   ,  10 ,  10 ,  10 ,  10 ,10,20,20,20,  10 
Luxembourg,  -   ,  -   ,  -   ,  -   ,  -   ,  -   ,  -   ,  -   ,  -   ,  -   ,  -   ,  -   ,  -   ,  -   ,  -   ,  96 ,  96 ,  96 ,  96 ,  96 ,  96 ,  96 ,  -   ,  118 ,  118 ,  118 ,  118 ,  22 ,  118 ,  118 ,  118 ,  118 ,  -   ,  118 ,  560 ,  560 ,  560 ,  442 ,560,560,560,560,  -   
Madagascar,  -   ,  -   ,  -   ,  -   ,  -   ,  -   ,  -   ,  -   ,  -   ,  -   ,  -   ,  -   ,  -   ,  -   ,  -   ,  -   ,  -   ,  -   ,  -   ,  -   ,  -   ,  -   ,  -   ,  -   ,  -   ,  -   ,  -   ,  -   ,  -   ,  -   ,  -   ,  -   ,  -   ,  -   ,  459 ,  459 ,  459 ,  459 ,459,678,678,678,  219 
Malawi,  -   ,  -   ,  -   ,  -   ,  -   ,  -   ,  -   ,  -   ,  -   ,  -   ,  -   ,  -   ,  -   ,  134 ,  144 ,  1060 ,  1060 ,  1060 ,  1090 ,  1090 ,  1183 ,  1279 ,  219 ,  1342 ,  1623 ,  3853 ,  6691 ,  5412 ,  14352 ,  20358 ,  29365 ,  37498 ,  30807 ,  47542 ,  62461 ,  83915 ,  107148 ,  69650 ,134563,157552,182980,183628,  76480 
Malaysia,  -   ,  -   ,  -   ,  -   ,  -   ,  -   ,  -   ,  -   ,  -   ,  -   ,  -   ,  130 ,  130 ,  130 ,  130 ,  130 ,  130 ,  -   ,  130 ,  130 ,  130 ,  130 ,  -   ,  130 ,  130 ,  130 ,  130 ,  -   ,  130 ,  130 ,  130 ,  130 ,  -   ,  130 ,  130 ,  130 ,  130 ,  -   ,130,3451,3451,3634,  3504 
Maldives,  -   ,  -   ,  -   ,  -   ,  -   ,  -   ,  -   ,  -   ,  -   ,  -   ,  -   ,  -   ,  -   ,  -   ,  -   ,  -   ,  -   ,  -   ,  -   ,  -   ,  -   ,  -   ,  -   ,  -   ,  -   ,  -   ,  -   ,  -   ,  -   ,  -   ,  -   ,  -   ,  -   ,  -   ,  1 ,  1 ,  1 ,  1 ,1,1,1,1,  -   
Mali,  -   ,  -   ,  -   ,  -   ,  -   ,  -   ,  -   ,  -   ,  45 ,  45 ,  45 ,  133 ,  133 ,  200 ,  200 ,  200 ,  200 ,  67 ,  200 ,  200 ,  200 ,  200 ,  -   ,  200 ,  200 ,  200 ,  212 ,  12 ,  595 ,  733 ,  1460 ,  1847 ,  1635 ,  2891 ,  3543 ,  4072 ,  4508 ,  2661 ,5262,6334,8092,8092,  3584 
Malta,  -   ,  -   ,  -   ,  -   ,  -   ,  -   ,  -   ,  -   ,  -   ,  -   ,  -   ,  -   ,  -   ,  -   ,  -   ,  -   ,  -   ,  -   ,  -   ,  -   ,  -   ,  -   ,  -   ,  -   ,  -   ,  -   ,  -   ,  -   ,  -   ,  -   ,  -   ,  -   ,  -   ,  -   ,  -   ,  579 ,  579 ,  579 ,579,579,579,579,  -   
Mauritius,,,,,,,,,,,,,,,,,,,,,,,,,,,,,,,,,,,,,,,0,102,102,102,  102 
Mexico,  -   ,  -   ,  -   ,  -   ,  -   ,  -   ,  -   ,  -   ,  -   ,  -   ,  -   ,  -   ,  -   ,  699 ,  737 ,  737 ,  737 ,  737 ,  737 ,  737 ,  737 ,  737 ,  -   ,  3005 ,  3005 ,  3402 ,  3402 ,  2665 ,  3402 ,  3402 ,  3402 ,  3402 ,  -   ,  3402 ,  7594 ,  7594 ,  7594 ,  4192 ,7594,14380,14380,14380,  6786 
Moldova,  -   ,  -   ,  -   ,  -   ,  -   ,  -   ,  -   ,  -   ,  -   ,  -   ,  -   ,  -   ,  -   ,  -   ,  -   ,  -   ,  -   ,  -   ,  -   ,  -   ,  192 ,  192 ,  192 ,  192 ,  192 ,  337 ,  337 ,  145 ,  337 ,  337 ,  492 ,  492 ,  155 ,  492 ,  492 ,  492 ,  492 ,  -   ,492,561,561,561,  69 
Mongolia,  -   ,  -   ,  -   ,  -   ,  -   ,  -   ,  -   ,  -   ,  -   ,  -   ,  -   ,  -   ,  -   ,  -   ,  -   ,  -   ,  -   ,  -   ,  -   ,  -   ,  -   ,  -   ,  -   ,  -   ,  139 ,  139 ,  139 ,  139 ,  139 ,  139 ,  139 ,  139 ,  -   ,  139 ,  139 ,  139 ,  139 ,  -   ,139,139,139,139,  -   
Montenegro,,,,,,,,,,,,,,,,,,,,,,,,,,,,,,,,,,,,,,,0,51,51,51,  51 
Morocco,  -   ,  -   ,  -   ,  -   ,  -   ,  -   ,  -   ,  -   ,  323 ,  400 ,  400 ,  530 ,  530 ,  530 ,  592 ,  636 ,  774 ,  244 ,  774 ,  774 ,  774 ,  774 ,  -   ,  1031 ,  1135 ,  1135 ,  1135 ,  361 ,  1135 ,  1135 ,  1135 ,  1135 ,  -   ,  1135 ,  1135 ,  1135 ,  1135 ,  -   ,1135,1135,1135,1135,  -   
Mozambique,  -   ,  -   ,  -   ,  -   ,  -   ,  -   ,  -   ,  -   ,  891 ,  1655 ,  1655 ,  2359 ,  2359 ,  3475 ,  3475 ,  5863 ,  5863 ,  3504 ,  7266 ,  7266 ,  11474 ,  18218 ,  12355 ,  23696 ,  32393 ,  43083 ,  61313 ,  43095 ,  76227 ,  96472 ,  117148 ,  142351 ,  81038 ,  171741 ,  206015 ,  244970 ,  291573 ,  149222 ,342167,390527,446318,446318,  154745 
Myanmar,  -   ,  -   ,  -   ,  -   ,  -   ,  -   ,  -   ,  -   ,  -   ,  -   ,  -   ,  -   ,  -   ,  -   ,  -   ,  -   ,  -   ,  -   ,  -   ,  -   ,  -   ,  178 ,  178 ,  387 ,  247 ,  634 ,  634 ,  456 ,  1779 ,  1779 ,  2863 ,  3556 ,  2922 ,  3791 ,  4146 ,  4850 ,  5505 ,  1949 ,6621,7453,8218,8218,  2713 
Namibia,  -   ,  -   ,  -   ,  -   ,  -   ,  -   ,  -   ,  -   ,  1852 ,  3059 ,  3059 ,  5524 ,  5524 ,  10187 ,  10187 ,  16291 ,  18581 ,  13057 ,  18581 ,  18581 ,  23621 ,  30235 ,  11654 ,  33781 ,  38847 ,  44137 ,  48575 ,  18340 ,  52757 ,  58403 ,  62228 ,  68762 ,  20187 ,  75054 ,  82391 ,  88366 ,  93006 ,  24244 ,99093,107649,108559,108559,  15553 
Nepal,  -   ,  -   ,  -   ,  -   ,  -   ,  -   ,  -   ,  -   ,  -   ,  -   ,  -   ,  -   ,  -   ,  35 ,  103 ,  103 ,  103 ,  103 ,  103 ,  103 ,  103 ,  103 ,  -   ,  387 ,  1981 ,  2287 ,  3323 ,  3220 ,  4410 ,  6010 ,  7008 ,  10208 ,  6885 ,  10208 ,  10208 ,  10944 ,  11923 ,  1715 ,13404,14913,16119,16119,  4196 
Netherlands,  -   ,  -   ,  -   ,  -   ,  -   ,  -   ,  -   ,  -   ,  361 ,  361 ,  361 ,  376 ,  376 ,  534 ,  626 ,  3561 ,  3561 ,  3185 ,  3561 ,  3561 ,  4755 ,  5916 ,  2355 ,  7542 ,  7542 ,  7542 ,  7542 ,  1626 ,  7542 ,  7542 ,  7542 ,  7542 ,  -   ,  7542 ,  9782 ,  9782 ,  9782 ,  2240 ,9782,9782,9782,9782,  -   
New Zealand,  -   ,  -   ,  -   ,  -   ,  -   ,  -   ,  -   ,  -   ,  149 ,  149 ,  149 ,  1235 ,  1235 ,  1549 ,  2150 ,  2573 ,  2573 ,  1338 ,  2573 ,  2573 ,  2573 ,  2573 ,  -   ,  2573 ,  2912 ,  3760 ,  3760 ,  1187 ,  3760 ,  3760 ,  3760 ,  3760 ,  -   ,  3760 ,  4604 ,  4604 ,  4604 ,  844 ,4604,4604,4604,4604,  -   
Nicaragua,,,,,,,,,,,,,,,,,,,,,,,,,,,,,,,,,,,,,,,0,196,196,196,  196 
Nigeria,  -   ,  -   ,  -   ,  -   ,  -   ,  -   ,  -   ,  -   ,  459 ,  459 ,  459 ,  482 ,  482 ,  556 ,  556 ,  861 ,  861 ,  379 ,  861 ,  861 ,  3350 ,  31768 ,  30907 ,  49255 ,  85231 ,  124281 ,  173632 ,  141864 ,  223312 ,  276761 ,  342710 ,  401110 ,  227478 ,  440581 ,  494381 ,  543451 ,  543451 ,  142341 ,585349,641764,716654,716654,  173203 
North Macedonia,  -   ,  -   ,  -   ,  -   ,  -   ,  -   ,  -   ,  -   ,  -   ,  -   ,  -   ,  -   ,  -   ,  -   ,  -   ,  -   ,  -   ,  -   ,  -   ,  -   ,  -   ,  -   ,  -   ,  -   ,  -   ,  -   ,  88 ,  88 ,  88 ,  88 ,  88 ,  97 ,  9 ,  97 ,  109 ,  109 ,  127 ,  30 ,127,127,153,153,  26 
Northern Ireland,  -   ,  -   ,  -   ,  -   ,  -   ,  -   ,  -   ,  -   ,  -   ,  -   ,  -   ,  -   ,  -   ,  -   ,  -   ,  -   ,  -   ,  -   ,  -   ,  -   ,  -   ,  -   ,  -   ,  -   ,  -   ,  -   ,  -   ,  -   ,  -   ,  -   ,  -   ,  -   ,  -   ,  -   ,  -   ,  -   ,  -   ,  -   ,0,0,0,0,  -   
Norway,  -   ,  -   ,  -   ,  -   ,  -   ,  -   ,  -   ,  -   ,  -   ,  -   ,  -   ,  -   ,  -   ,  -   ,  -   ,  1150 ,  1150 ,  1150 ,  1150 ,  1150 ,  1150 ,  1150 ,  -   ,  1150 ,  1150 ,  1150 ,  1150 ,  -   ,  1150 ,  1150 ,  1150 ,  1150 ,  -   ,  1150 ,  1150 ,  1150 ,  1150 ,  -   ,1150,2437,2437,2437,  1287 
Pakistan,  -   ,  -   ,  -   ,  -   ,  -   ,  -   ,  -   ,  -   ,  -   ,  -   ,  -   ,  -   ,  -   ,  -   ,  -   ,  -   ,  -   ,  -   ,  -   ,  -   ,  -   ,  10 ,  10 ,  10 ,  10 ,  10 ,  10 ,  -   ,  10 ,  10 ,  10 ,  10 ,  -   ,  10 ,  180 ,  180 ,  180 ,  170 ,180,180,180,180,  -   
Panama,  -   ,  -   ,  -   ,  -   ,  -   ,  -   ,  -   ,  -   ,  -   ,  -   ,  -   ,  -   ,  -   ,  -   ,  -   ,  -   ,  -   ,  -   ,  -   ,  -   ,  -   ,  -   ,  -   ,  -   ,  -   ,  -   ,  -   ,  -   ,  -   ,  -   ,  584 ,  1025 ,  1025 ,  1150 ,  1391 ,  1892 ,  2383 ,  1358 ,2677,3145,3542,3542,  1159 
Papua New Guinea,  -   ,  -   ,  -   ,  -   ,  -   ,  -   ,  -   ,  -   ,  -   ,  -   ,  -   ,  -   ,  -   ,  -   ,  -   ,  -   ,  -   ,  -   ,  -   ,  -   ,  -   ,  -   ,  -   ,  -   ,  -   ,  -   ,  -   ,  -   ,  -   ,  -   ,  -   ,  -   ,  -   ,  -   ,  10 ,  27 ,  60 ,  60 ,93,118,244,244,  184 
Paraguay,  -   ,  -   ,  -   ,  -   ,  -   ,  -   ,  -   ,  -   ,  -   ,  -   ,  -   ,  -   ,  -   ,  -   ,  -   ,  -   ,  -   ,  -   ,  -   ,  -   ,  -   ,  -   ,  -   ,  -   ,  -   ,  167 ,  167 ,  167 ,  167 ,  167 ,  329 ,  329 ,  162 ,  329 ,  329 ,  329 ,  329 ,  -   ,329,852,852,852,  523 
Peru,  -   ,  -   ,  -   ,  -   ,  -   ,  -   ,  -   ,  -   ,  -   ,  -   ,  -   ,  -   ,  -   ,  533 ,  1264 ,  1264 ,  1264 ,  1264 ,  1264 ,  1264 ,  1264 ,  1264 ,  -   ,  2265 ,  2265 ,  2931 ,  2931 ,  1667 ,  2931 ,  2931 ,  2931 ,  2931 ,  -   ,  2931 ,  2931 ,  2931 ,  2931 ,  -   ,2931,3088,4383,4383,  1452 
Philippines,  -   ,  -   ,  -   ,  -   ,  -   ,  -   ,  -   ,  -   ,  242 ,  242 ,  242 ,  242 ,  242 ,  242 ,  250 ,  250 ,  250 ,  8 ,  250 ,  250 ,  250 ,  250 ,  -   ,  250 ,  250 ,  772 ,  1731 ,  1481 ,  3192 ,  4257 ,  6622 ,  8494 ,  6763 ,  10692 ,  13191 ,  18366 ,  20566 ,  12072 ,21316,24915,29747,29747,  9181 
Poland,  -   ,  -   ,  -   ,  -   ,  -   ,  -   ,  -   ,  -   ,  -   ,  -   ,  -   ,  600 ,  600 ,  2000 ,  2000 ,  2000 ,  2000 ,  1400 ,  2000 ,  2000 ,  2000 ,  2000 ,  -   ,  3750 ,  3750 ,  3750 ,  3750 ,  1750 ,  3750 ,  3750 ,  5000 ,  11000 ,  7250 ,  11000 ,  11000 ,  18005 ,  18005 ,  7005 ,18010,18010,18010,18010,  5 
Portugal,  -   ,  -   ,  -   ,  -   ,  -   ,  -   ,  -   ,  -   ,  -   ,  -   ,  -   ,  -   ,  -   ,  6 ,  6 ,  6 ,  6 ,  6 ,  6 ,  6 ,  6 ,  6 ,  -   ,  6 ,  6 ,  6 ,  6 ,  -   ,  6 ,  6 ,  6 ,  6 ,  -   ,  6 ,  3967 ,  3967 ,  3967 ,  3961 ,3967,4499,4499,4499,  532 
Romania,  -   ,  -   ,  -   ,  -   ,  -   ,  -   ,  -   ,  -   ,  -   ,  -   ,  -   ,  -   ,  -   ,  -   ,  -   ,  -   ,  -   ,  -   ,  -   ,  -   ,  -   ,  -   ,  -   ,  -   ,  -   ,  -   ,  -   ,  -   ,  -   ,  -   ,  -   ,  -   ,  -   ,  -   ,  -   ,  -   ,  -   ,  -   ,0,0,0,0,  -   
Rwanda,  -   ,  -   ,  -   ,  -   ,  -   ,  -   ,  -   ,  -   ,  2122 ,  2122 ,  2122 ,  2122 ,  2122 ,  2174 ,  2174 ,  3061 ,  3061 ,  939 ,  3061 ,  3061 ,  3790 ,  5038 ,  1977 ,  7793 ,  11207 ,  13461 ,  13809 ,  8771 ,  15013 ,  17884 ,  19380 ,  21239 ,  7430 ,  23181 ,  26789 ,  29729 ,  32422 ,  11183 ,34787,37271,37541,37541,  5119 
Saint Lucia,  -   ,  -   ,  -   ,  -   ,  -   ,  -   ,  -   ,  -   ,  -   ,  -   ,  -   ,  -   ,  -   ,  -   ,  -   ,  -   ,  -   ,  -   ,  -   ,  -   ,  -   ,  -   ,  -   ,  -   ,  -   ,  3 ,  3 ,  3 ,  3 ,  3 ,  3 ,  3 ,  -   ,  3 ,  3 ,  3 ,  3 ,  -   ,3,3,3,3,  -   
Saudi Arabia,,,,,,,,,,,,,,,,,,,,,,,,,,,,,,,,,,,,,,,0,0,0,0,  -   
Scotland,  -   ,  -   ,  -   ,  -   ,  -   ,  -   ,  -   ,  -   ,  400 ,  400 ,  400 ,  400 ,  400 ,  400 ,  1872 ,  1872 ,  3354 ,  2954 ,  3354 ,  3354 ,  3354 ,  3354 ,  -   ,  3354 ,  3354 ,  3354 ,  3354 ,  -   ,  3354 ,  3354 ,  3354 ,  3354 ,  -   ,  3354 ,  3354 ,  3354 ,  8824 ,  5470 ,8824,8824,10101,10101,  1277 
Senegal,  267 ,  267 ,  267 ,  267 ,  267 ,  267 ,  267 ,  -   ,  267 ,  267 ,  267 ,  267 ,  -   ,  267 ,  267 ,  267 ,  267 ,  -   ,  267 ,  267 ,  267 ,  267 ,  -   ,  267 ,  267 ,  267 ,  267 ,  -   ,  471 ,  477 ,  600 ,  699 ,  432 ,  813 ,  4032 ,  4032 ,  4032 ,  3333 ,4032,4445,4445,4445,  413 
Serbia,  -   ,  -   ,  -   ,  -   ,  -   ,  -   ,  -   ,  -   ,  -   ,  -   ,  -   ,  -   ,  -   ,  -   ,  -   ,  -   ,  -   ,  -   ,  -   ,  -   ,  -   ,  -   ,  -   ,  -   ,  -   ,  -   ,  -   ,  -   ,  -   ,  -   ,  -   ,  -   ,  -   ,  -   ,  -   ,  -   ,  -   ,  -   ,0,0,0,0,  -   
Seychelles,  -   ,  -   ,  -   ,  -   ,  -   ,  -   ,  -   ,  -   ,  -   ,  -   ,  -   ,  -   ,  -   ,  -   ,  -   ,  -   ,  -   ,  -   ,  -   ,  -   ,  3 ,  3 ,  3 ,  3 ,  3 ,  3 ,  3 ,  -   ,  3 ,  3 ,  3 ,  3 ,  -   ,  3 ,  5 ,  5 ,  5 ,  2 ,5,5,5,5,  -   
Sierra Leone,  -   ,  -   ,  -   ,  -   ,  -   ,  -   ,  -   ,  -   ,  -   ,  -   ,  -   ,  -   ,  -   ,  -   ,  -   ,  -   ,  -   ,  -   ,  -   ,  -   ,  -   ,  -   ,  -   ,  -   ,  -   ,  367 ,  1308 ,  1308 ,  1308 ,  1308 ,  3292 ,  5805 ,  4497 ,  7632 ,  8700 ,  9729 ,  10756 ,  4951 ,11562,13063,14309,14309,  3553 
Singapore,  -   ,  -   ,  -   ,  -   ,  -   ,  -   ,  -   ,  -   ,  -   ,  -   ,  -   ,  -   ,  -   ,  -   ,  -   ,  -   ,  -   ,  -   ,  -   ,  -   ,  -   ,  -   ,  -   ,  -   ,  -   ,  -   ,  -   ,  -   ,  -   ,  -   ,  -   ,  -   ,  -   ,  -   ,  -   ,  -   ,  -   ,  -   ,0,0,0,0,  -   
Slovakia,  -   ,  -   ,  -   ,  -   ,  -   ,  -   ,  -   ,  -   ,  -   ,  -   ,  -   ,  -   ,  -   ,  -   ,  -   ,  -   ,  -   ,  -   ,  -   ,  -   ,  -   ,  -   ,  -   ,  -   ,  -   ,  -   ,  -   ,  -   ,  -   ,  -   ,  -   ,  -   ,  -   ,  -   ,  -   ,  -   ,  -   ,  -   ,0,0,0,0,  -   
Slovenia,  -   ,  -   ,  -   ,  -   ,  -   ,  -   ,  -   ,  -   ,  -   ,  -   ,  -   ,  -   ,  -   ,  -   ,  -   ,  70 ,  70 ,  70 ,  70 ,  70 ,  70 ,  70 ,  -   ,  70 ,  70 ,  70 ,  70 ,  -   ,  70 ,  70 ,  70 ,  70 ,  -   ,  70 ,  280 ,  280 ,  280 ,  210 ,280,550,550,550,  270 
South Africa,  380 ,  380 ,  380 ,  380 ,  380 ,  380 ,  380 ,  -   ,  5094 ,  6720 ,  6720 ,  12560 ,  12180 ,  18068 ,  28745 ,  41421 ,  58136 ,  45576 ,  68695 ,  69876 ,  88851 ,  164538 ,  106402 ,  164538 ,  210756 ,  370195 ,  370195 ,  205657 ,  415658 ,  530378 ,  569977 ,  792434 ,  422239 ,  888217 ,  888217 ,  1175293 ,  1322867 ,  530433 ,1322867,1322867,1337133,1795844,  472977 
South Korea,  -   ,  -   ,  -   ,  -   ,  -   ,  -   ,  -   ,  -   ,  -   ,  -   ,  -   ,  -   ,  -   ,  -   ,  -   ,  -   ,  -   ,  -   ,  -   ,  -   ,  -   ,  -   ,  -   ,  -   ,  -   ,  -   ,  -   ,  -   ,  -   ,  -   ,  -   ,  -   ,  -   ,  -   ,  -   ,  -   ,  -   ,  -   ,0,0,0,0,  -   
South Sudan,  -   ,  -   ,  -   ,  -   ,  -   ,  -   ,  -   ,  -   ,  -   ,  -   ,  -   ,  -   ,  -   ,  -   ,  -   ,  -   ,  -   ,  -   ,  -   ,  -   ,  -   ,  -   ,  -   ,  -   ,  -   ,  -   ,  -   ,  -   ,  -   ,  -   ,  -   ,  -   ,  -   ,  153 ,  702 ,  1484 ,  1838 ,  1838 ,2230,2879,3225,3225,  1387 
Spain,  -   ,  -   ,  -   ,  -   ,  -   ,  -   ,  -   ,  -   ,  600 ,  600 ,  600 ,  1285 ,  1285 ,  1362 ,  1362 ,  1362 ,  1700 ,  415 ,  1700 ,  1873 ,  2153 ,  2153 ,  453 ,  2493 ,  2623 ,  2673 ,  2887 ,  734 ,  2887 ,  2887 ,  2887 ,  2887 ,  -   ,  4002 ,  18000 ,  18000 ,  18000 ,  15113 ,18000,23600,23600,28880,  10880 
Sri Lanka,  -   ,  -   ,  -   ,  -   ,  -   ,  -   ,  -   ,  -   ,  -   ,  -   ,  -   ,  -   ,  -   ,  -   ,  -   ,  -   ,  -   ,  -   ,  -   ,  -   ,  -   ,  -   ,  -   ,  -   ,  -   ,  135 ,  135 ,  135 ,  135 ,  135 ,  135 ,  135 ,  -   ,  249 ,  249 ,  249 ,  269 ,  134 ,269,269,269,269,  -   
Sweden,  -   ,  -   ,  -   ,  -   ,  -   ,  -   ,  -   ,  -   ,  -   ,  -   ,  -   ,  -   ,  -   ,  18 ,  18 ,  18 ,  18 ,  18 ,  18 ,  18 ,  18 ,  18 ,  -   ,  18 ,  1034 ,  1034 ,  1034 ,  1016 ,  1034 ,  1034 ,  1034 ,  1034 ,  -   ,  1034 ,  2323 ,  2323 ,  2323 ,  1289 ,2323,2323,2323,2323,  -   
Switzerland,  -   ,  -   ,  -   ,  -   ,  -   ,  -   ,  -   ,  -   ,  -   ,  -   ,  -   ,  -   ,  -   ,  -   ,  -   ,  1500 ,  1500 ,  1500 ,  1500 ,  1500 ,  1500 ,  1500 ,  -   ,  1500 ,  1500 ,  1500 ,  1500 ,  -   ,  1500 ,  1500 ,  1500 ,  1500 ,  -   ,  1500 ,  4120 ,  4120 ,  4120 ,  2620 ,4120,5096,5096,5096,  976 
Taiwan,  -   ,  -   ,  -   ,  -   ,  -   ,  -   ,  -   ,  -   ,  -   ,  -   ,  -   ,  302 ,  302 ,  302 ,  1002 ,  1002 ,  1002 ,  700 ,  1002 ,  1002 ,  1002 ,  1002 ,  -   ,  1002 ,  1002 ,  4142 ,  4142 ,  3140 ,  4142 ,  4142 ,  4142 ,  4142 ,  -   ,  4142 ,  4142 ,  4142 ,  4142 ,  -   ,4142,4142,4142,4142,  -   
Tajikistan,  -   ,  -   ,  -   ,  -   ,  -   ,  -   ,  -   ,  -   ,  -   ,  -   ,  -   ,  -   ,  -   ,  -   ,  -   ,  -   ,  -   ,  -   ,  -   ,  -   ,  -   ,  -   ,  -   ,  10 ,  10 ,  10 ,  25 ,  25 ,  77 ,  98 ,  169 ,  224 ,  199 ,  256 ,  415 ,  598 ,  733 ,  509 ,857,1033,1189,1189,  456 
Tanzania,  -   ,  -   ,  -   ,  -   ,  -   ,  -   ,  -   ,  -   ,  813 ,  2578 ,  2578 ,  8652 ,  8652 ,  12057 ,  12057 ,  15000 ,  15000 ,  6348 ,  15000 ,  15000 ,  18102 ,  22147 ,  7147 ,  27796 ,  43790 ,  51412 ,  55920 ,  33773 ,  73316 ,  103953 ,  127614 ,  149687 ,  93767 ,  181784 ,  217088 ,  253259 ,  253259 ,  103572 ,334432,396787,462358,462358,  209099 
Thailand,  420 ,  420 ,  420 ,  420 ,  420 ,  420 ,  420 ,  -   ,  4924 ,  5122 ,  5122 ,  7626 ,  7206 ,  8686 ,  9464 ,  11795 ,  13341 ,  5715 ,  15653 ,  16228 ,  18332 ,  21028 ,  7687 ,  22388 ,  24403 ,  37840 ,  39308 ,  18280 ,  41027 ,  42350 ,  48875 ,  51072 ,  11764 ,  58269 ,  60473 ,  62775 ,  65766 ,  14694 ,71307,76377,78125,78125,  12359 
Togo,  -   ,  -   ,  -   ,  -   ,  -   ,  -   ,  -   ,  -   ,  69 ,  69 ,  69 ,  99 ,  99 ,  100 ,  100 ,  100 ,  100 ,  1 ,  100 ,  100 ,  100 ,  100 ,  -   ,  100 ,  100 ,  100 ,  100 ,  -   ,  100 ,  100 ,  100 ,  634 ,  534 ,  812 ,  1437 ,  2026 ,  2715 ,  2081 ,3535,4390,5222,5222,  2507 
Uganda,  4 ,  4 ,  4 ,  4 ,  4 ,  4 ,  4 ,  -   ,  7640 ,  9690 ,  9690 ,  13252 ,  13248 ,  19325 ,  19411 ,  31309 ,  31417 ,  18165 ,  31417 ,  31417 ,  46840 ,  67950 ,  36533 ,  82218 ,  116068 ,  154081 ,  188474 ,  120524 ,  222956 ,  269840 ,  317968 ,  353974 ,  165500 ,  401083 ,  456674 ,  514084 ,  550227 ,  196253 ,599816,673027,743636,743696,  193469 
Ukraine,  -   ,  -   ,  -   ,  -   ,  -   ,  -   ,  -   ,  -   ,  167 ,  201 ,  201 ,  228 ,  228 ,  236 ,  236 ,  1111 ,  1111 ,  883 ,  1111 ,  1111 ,  1862 ,  2377 ,  1266 ,  2789 ,  3254 ,  3937 ,  5375 ,  2998 ,  6991 ,  8053 ,  9260 ,  11065 ,  5690 ,  12808 ,  14601 ,  16338 ,  18214 ,  7149 ,20147,21833,23642,23642,  5428 
United Arab Emirates,,,,,,,,,,,,,,,,,,,,,,,,,,,,,,,,,,,,,,,0,0,0,0,  -   
United States,  99441 ,  99441 ,  99441 ,  99441 ,  99441 ,  99441 ,  99441 ,  -   ,  188907 ,  188907 ,  188907 ,  188907 ,  89466 ,  188907 ,  188907 ,  188907 ,  188907 ,  -   ,  188907 ,  203837 ,  203837 ,  203837 ,  14930 ,  203837 ,  203837 ,  203837 ,  227047 ,  23210 ,  227047 ,  227047 ,  363148 ,  363148 ,  136101 ,  381784 ,  438371 ,  438371 ,  438371 ,  75223 ,438371,511769,511769,525825,  87454 
Uruguay,  -   ,  -   ,  -   ,  -   ,  -   ,  -   ,  -   ,  -   ,  -   ,  -   ,  -   ,  -   ,  -   ,  -   ,  -   ,  -   ,  -   ,  -   ,  -   ,  -   ,  -   ,  -   ,  -   ,  -   ,  -   ,  38 ,  38 ,  38 ,  38 ,  38 ,  188 ,  188 ,  150 ,  188 ,  188 ,  188 ,  188 ,  -   ,188,240,240,240,  52 
Uzbekistan,  -   ,  -   ,  -   ,  -   ,  -   ,  -   ,  -   ,  -   ,  -   ,  -   ,  -   ,  -   ,  -   ,  -   ,  -   ,  -   ,  -   ,  -   ,  -   ,  -   ,  -   ,  -   ,  -   ,  -   ,  -   ,  -   ,  -   ,  -   ,  -   ,  -   ,  -   ,  -   ,  -   ,  -   ,  253 ,  253 ,  253 ,  253 ,253,448,448,448,  195 
Vietnam,  -   ,  -   ,  -   ,  -   ,  -   ,  -   ,  -   ,  -   ,  777 ,  1323 ,  1323 ,  2246 ,  2246 ,  2789 ,  4267 ,  6735 ,  6735 ,  4489 ,  6735 ,  6735 ,  10423 ,  14996 ,  8261 ,  18972 ,  23699 ,  27903 ,  29027 ,  14031 ,  33938 ,  52170 ,  44432 ,  50265 ,  21238 ,  56050 ,  60821 ,  66341 ,  71204 ,  20939 ,75748,80013,83825,83825,  12621 
Wales,  -   ,  -   ,  -   ,  -   ,  -   ,  -   ,  -   ,  -   ,  200 ,  200 ,  200 ,  200 ,  200 ,  200 ,  1000 ,  1000 ,  1000 ,  800 ,  1000 ,  1200 ,  1200 ,  1200 ,  200 ,  2400 ,  2400 ,  2586 ,  2586 ,  1386 ,  2586 ,  2586 ,  2586 ,  3256 ,  670 ,  3256 ,  3256 ,  3256 ,  3256 ,  -   ,3256,3256,3256,3256,  -   
Zambia,  -   ,  319 ,  319 ,  319 ,  329 ,  332 ,  591 ,  272 ,  932 ,  2803 ,  4155 ,  4155 ,  3564 ,  11188 ,  11188 ,  27405 ,  27405 ,  23250 ,  27405 ,  27405 ,  46320 ,  72309 ,  44904 ,  98673 ,  131951 ,  168499 ,  202704 ,  130395 ,  233471 ,  273779 ,  312786 ,  351207 ,  148503 ,  390454 ,  467704 ,  547230 ,  619042 ,  267835 ,697158,808847,892572,895685,  276643 
Zimbabwe,  40 ,  288 ,  288 ,  572 ,  1376 ,  2359 ,  2965 ,  2677 ,  4069 ,  5429 ,  7333 ,  9096 ,  6131 ,  9885 ,  11831 ,  15484 ,  18398 ,  9302 ,  22505 ,  23037 ,  25750 ,  27899 ,  9501 ,  28626 ,  39745 ,  48738 ,  59918 ,  32019 ,  72661 ,  89946 ,  120709 ,  143498 ,  83580 ,  165986 ,  191413 ,  217401 ,  256459 ,  112961 ,292387,329099,334499,337010,  80551 